<?xml version="1.0" encoding="UTF-8"?><?xml-stylesheet type='text/xsl' href='_UpgradeReport_Files/UpgradeReport.xslt'?><UpgradeLog>
<Properties><Property Name="Solution" Value="E15_1327405083">
</Property><Property Name="解决方案文件" Value="D:\C作业\E15_1327405083\E15_1327405083.sln">
</Property><Property Name="用户选项文件" Value="D:\C作业\E15_1327405083\E15_1327405083.suo">
</Property><Property Name="Date" Value="2013年10月19日">
</Property><Property Name="Time" Value="16:43">
</Property></Properties><Event ErrorLevel="0" Project="" Source="E15_1327405083.sln" Description="文件已成功备份为 D:\C作业\E15_1327405083\E15_1327405083.sln.old">
</Event><Event ErrorLevel="0" Project="" Source="E15_1327405083.suo" Description="文件已成功备份为 D:\C作业\E15_1327405083\E15_1327405083.suo.old">
</Event><Event ErrorLevel="0" Project="E15_1327405083" Source="E15_1327405083.vcproj" Description="Converting project file 'D:\C作业\E15_1327405083\E15_1327405083.vcproj'.">
</Event><Event ErrorLevel="1" Project="E15_1327405083" Source="E15_1327405083.vcproj" Description="This application has been updated to include settings related to the User Account Control (UAC) feature of Windows Vista. By default, when run on Windows Vista with UAC enabled, this application is marked to run with the same privileges as the process that launched it. This marking also disables the application from running with virtualization. You can change UAC related settings from the Property Pages of the project.">
</Event><Event ErrorLevel="1" Project="E15_1327405083" Source="E15_1327405083.vcproj" Description="VCWebServiceProxyGeneratorTool is no longer supported. The tool has been removed from your project settings.">
</Event><Event ErrorLevel="1" Project="E15_1327405083" Source="E15_1327405083.vcproj" Description="Attribute 'Detect64BitPortabilityProblems' of 'VCCLCompilerTool' is not supported in this version and has been removed during conversion.">
</Event><Event ErrorLevel="0" Project="E15_1327405083" Source="E15_1327405083.vcproj" Description="Web deployment to the local IIS server is no longer supported. The Web Deployment build tool has been removed from your project settings.">
</Event><Event ErrorLevel="1" Project="E15_1327405083" Source="E15_1327405083.vcproj" Description="Attribute 'Detect64BitPortabilityProblems' of 'VCCLCompilerTool' is not supported in this version and has been removed during conversion.">
</Event><Event ErrorLevel="0" Project="E15_1327405083" Source="E15_1327405083.vcproj" Description="Done converting to new project file 'D:\C作业\E15_1327405083\E15_1327405083.vcxproj'.">
</Event><Event ErrorLevel="3" Project="E15_1327405083" Source="E15_1327405083.vcproj" Description="Converted">
</Event><Event ErrorLevel="0" Project="" Source="E15_1327405083.sln" Description="成功转换解决方案">
</Event><Event ErrorLevel="3" Project="" Source="E15_1327405083.sln" Description="Converted">
</Event></UpgradeLog>